ObservedAgentID;ContractID;InstrumentID;InstrumentTypeAnaCredit;ProjectFinanceLoan;Currency;InceptionDate;SettlementDate;LegalFinalMaturityDate;EndDateOfInterestOnlyPeriod;InterestRateCap;InterestRateFloor;InterestRateResetFrequency;InterestRateSpread;InterestRateType;CommitmentAmountAtInception;AmortisationType;PaymentFrequency;PurposeAnaCredit;PurposeCCR;Recourse;ReferenceRate;SubordinatedDebt;SyndicatedContractID;RepaymentRights;FiduciaryInstrument;FairvalueChangesDueToChangesInCreditRiskBeforePurchase;EndDateOfInstrument;Covid19Moratorium202004GrantingDate;Covid19CountryGuarantee202004Fee;InterestRate;NextInterestRateResetDate;TransferredAmount;DefaultStatusOfTheInstrumentAnaCredit;DateOfTheDefaultStatusOfTheInstrumentAnaCredit;ArrearsForTheInstrument;DateOfPastDueForTheInstrument;TypeofSecuritisation;OutstandingNominalAmount;AccruedInterest;OffBalancesheetAmount;AccountingClassificationOfInstruments;BalanceSheetRecognition;AccumulatedWriteoffs;AccumulatedImpairmentAmount;TypeofImpairment;ImpairmentAssessmentMethod;SourcesOfEncumbrance;AccumulatedChangesInFairValueDueToCreditRisk;PerformingStatusOfTheInstrument;DateOfThePerformingStatusOfTheInstrument;ProvisionsAssociatedToOffBalancesheetExposures;StatusOfForbearanceAndRenegotiation;DateOfTheForbearanceAndRenegotiationStatus;CumulativeRecoveriesSinceDefault;PrudentialPortfolio;CarryingAmount
47;CAU000000102;CAU000000102;9004;2;EUR;19/07/2021;NotApplicable;NotApplicable;NotApplicable;NotApplicable;NotApplicable;0;NotApplicable;0;98400.00; ;4;11;1;2; ;2;NotApplicable;2;2;NotApplicable;NotApplicable; ;0;NotApplicable;NotRequired;0.00;0;NotApplicable;0.00;NotApplicable;7;0.00;0.00;98400.00;6;1;0.00;NotApplicable;0;0;1;0.00;11;45565;0.00;8;45565;NotApplicable;2;0.00
47;CAU000000177;CAU000000177;9004;2;EUR;25/11/2022;NotApplicable;NotApplicable;NotApplicable;NotApplicable;NotApplicable;0;NotApplicable;0;223000.00; ;4;11;1;2; ;2;NotApplicable;2;2;NotApplicable;NotApplicable; ;0;NotApplicable;NotRequired;0.00;0;NotApplicable;0.00;NotApplicable;7;0.00;0.00;223000.00;6;1;0.00;NotApplicable;0;0;1;0.00;11;45565;0.00;8;45565;NotApplicable;2;0.00
47;CAU000000178;CAU000000178;9004;2;EUR;25/11/2022;NotApplicable;NotApplicable;NotApplicable;NotApplicable;NotApplicable;0;NotApplicable;0;223000.00; ;4;11;1;2; ;2;NotApplicable;2;2;NotApplicable;NotApplicable; ;0;NotApplicable;NotRequired;0.00;0;NotApplicable;0.00;NotApplicable;7;0.00;0.00;223000.00;6;1;0.00;NotApplicable;0;0;1;0.00;11;45565;0.00;8;45565;NotApplicable;2;0.00
47;PRE000000233;PRE000000233;1000;2;EUR;13/09/2023;13/09/2023;16/09/2024;NotApplicable;NotApplicable;NotApplicable;0;NotApplicable;1;650000.00;5;4;4;1;1;0;2;NotApplicable;2;2;NotApplicable;45551; ;0;NotApplicable;NotApplicable;0.00;0;NotApplicable;0.00;NotApplicable;7;0.00;NotApplicable;0.00;6;2;0.00;NotApplicable;0;0;1;0.00;11;45565;0.00;8;45565;NotApplicable;2;0.00
47;PRE000000241;PRE000000241;1000;2;EUR;25/09/2023;25/09/2023;25/09/2024;NotApplicable;NotApplicable;NotApplicable;0;NotApplicable;1;650000.00;5;4;4;1;1;0;2;NotApplicable;2;2;NotApplicable;45560; ;0;NotApplicable;NotApplicable;0.00;0;NotApplicable;0.00;NotApplicable;7;0.00;NotApplicable;0.00;6;2;0.00;NotApplicable;0;0;1;0.00;11;45565;0.00;8;45565;NotApplicable;2;0.00
47;PRE000000256;PRE000000256;1000;2;EUR;10/10/2023;10/10/2023;10/10/2024;NotApplicable;NotApplicable;NotApplicable;0;NotApplicable;1;855000.00;5;4;4;1;1;0;2;NotApplicable;2;2;NotApplicable;NotApplicable; ;0;0.039100;NotApplicable;0.00;0;NotApplicable;0.00;NotApplicable;7;855000.00;33151.91;0.00;6;2;0.00;NotApplicable;0;0;1;0.00;11;45565;0.00;8;45565;NotApplicable;2;888151.91
47;PRE000000272;PRE000000272;1000;2;EUR;25/10/2023;25/10/2023;24/10/2024;NotApplicable;NotApplicable;NotApplicable;0;NotApplicable;1;50000.00;5;4;4;1;1;0;2;NotApplicable;2;2;NotApplicable;NotApplicable; ;0;0.041000;NotApplicable;0.00;0;NotApplicable;0.00;NotApplicable;7;50000.00;1953.19;0.00;6;2;0.00;NotApplicable;0;0;1;0.00;11;45565;0.00;8;45565;NotApplicable;2;51953.19
47;PRE000000279;PRE000000279;1000;2;GBP;07/11/2023;07/11/2023;06/11/2024;NotApplicable;NotApplicable;NotApplicable;0;NotApplicable;1;179464.62;5;4;4;1;1;0;2;NotApplicable;2;2;NotApplicable;NotApplicable; ;0;0.054500;NotApplicable;0.00;0;NotApplicable;0.00;NotApplicable;7;155000.00;7637.47;0.00;6;2;0.00;NotApplicable;0;0;1;0.00;11;45565;0.00;8;45565;NotApplicable;2;162637.47
47;PRE000000281;PRE000000281;1000;2;EUR;08/11/2023;08/11/2023;07/11/2024;NotApplicable;NotApplicable;NotApplicable;0;NotApplicable;1;100000.00;5;4;4;1;1;0;2;NotApplicable;2;2;NotApplicable;NotApplicable; ;0;0.039600;NotApplicable;0.00;0;NotApplicable;0.00;NotApplicable;7;100000.00;3619.00;0.00;6;2;0.00;NotApplicable;0;0;1;0.00;11;45565;0.00;8;45565;NotApplicable;2;103619.00
47;PRE000000282;PRE000000282;1000;2;EUR;10/11/2023;10/11/2023;11/11/2024;NotApplicable;NotApplicable;NotApplicable;0;NotApplicable;1;275000.00;5;4;4;1;1;0;2;NotApplicable;2;2;NotApplicable;NotApplicable; ;0;0.039600;NotApplicable;0.00;0;NotApplicable;0.00;NotApplicable;7;275000.00;9861.50;0.00;6;2;0.00;NotApplicable;0;0;1;0.00;11;45565;0.00;8;45565;NotApplicable;2;284861.50
47;PRE000000300;PRE000000300;1000;2;EUR;05/12/2023;05/12/2023;06/12/2024;NotApplicable;NotApplicable;NotApplicable;0;NotApplicable;1;847316.46;5;4;4;1;1;0;2;NotApplicable;2;2;NotApplicable;NotApplicable; ;0;0.036100;NotApplicable;0.00;0;NotApplicable;0.00;NotApplicable;7;847316.46;25575.07;0.00;6;2;0.00;NotApplicable;0;0;1;0.00;11;45565;0.00;8;45565;NotApplicable;2;872891.53
47;PRE000000303;PRE000000303;1000;2;EUR;08/12/2023;08/12/2023;04/12/2024;NotApplicable;NotApplicable;NotApplicable;0;NotApplicable;1;11500000.00;5;4;4;1;1;0;2;NotApplicable;2;2;NotApplicable;NotApplicable; ;0;0.038000;NotApplicable;0.00;0;NotApplicable;0.00;NotApplicable;7;11500000.00;366594.44;0.00;6;2;0.00;NotApplicable;0;0;1;0.00;11;45565;0.00;8;45565;NotApplicable;2;11866594.44
47;PRE000000305;PRE000000305;1000;2;EUR;12/12/2023;12/12/2023;11/09/2024;NotApplicable;NotApplicable;NotApplicable;0;NotApplicable;1;5400000.00;5;4;4;1;1;0;2;NotApplicable;2;2;NotApplicable;45546; ;0;NotApplicable;NotApplicable;0.00;0;NotApplicable;0.00;NotApplicable;7;0.00;NotApplicable;0.00;6;2;0.00;NotApplicable;0;0;1;0.00;11;45565;0.00;8;45565;NotApplicable;2;0.00
47;PRE000000323;PRE000000323;1000;2;USD;11/01/2024;11/01/2024;13/01/2025;NotApplicable;NotApplicable;NotApplicable;0;NotApplicable;1;2128221.90;5;4;4;1;1;0;2;NotApplicable;2;2;NotApplicable;NotApplicable; ;0;0.050400;NotApplicable;0.00;0;NotApplicable;0.00;NotApplicable;7;2306354.08;85242.85;0.00;6;2;0.00;NotApplicable;0;0;1;0.00;11;45565;0.00;8;45565;NotApplicable;2;2391596.93
47;PRE000000337;PRE000000337;1000;2;EUR;23/01/2024;23/01/2024;22/01/2025;NotApplicable;NotApplicable;NotApplicable;0;NotApplicable;1;100000.00;5;4;4;1;1;0;2;NotApplicable;2;2;NotApplicable;NotApplicable; ;0;0.036200;NotApplicable;0.00;0;NotApplicable;0.00;NotApplicable;7;100000.00;2544.06;0.00;6;2;0.00;NotApplicable;0;0;1;0.00;11;45565;0.00;8;45565;NotApplicable;2;102544.06
47;PRE000000350;PRE000000350;1000;2;EUR;02/02/2024;02/02/2024;03/02/2025;NotApplicable;NotApplicable;NotApplicable;0;NotApplicable;1;2000000.00;5;4;4;1;1;0;2;NotApplicable;2;2;NotApplicable;NotApplicable; ;0;0.034800;NotApplicable;0.00;0;NotApplicable;0.00;NotApplicable;7;2000000.00;46786.67;0.00;6;2;0.00;NotApplicable;0;0;1;0.00;11;45565;0.00;8;45565;NotApplicable;2;2046786.67
47;PRE000000374;PRE000000374;1000;2;EUR;28/02/2024;28/02/2024;26/02/2025;NotApplicable;NotApplicable;NotApplicable;0;NotApplicable;1;140000.00;5;4;4;1;1;0;2;NotApplicable;2;2;NotApplicable;NotApplicable; ;0;0.036900;NotApplicable;0.00;0;NotApplicable;0.00;NotApplicable;7;140000.00;3099.60;0.00;6;2;0.00;NotApplicable;0;0;1;0.00;11;45565;0.00;8;45565;NotApplicable;2;143099.60
47;PRE000000384;PRE000000384;1000;2;USD;04/03/2024;04/03/2024;03/03/2025;NotApplicable;NotApplicable;NotApplicable;0;NotApplicable;1;194246.60;5;4;4;1;1;0;2;NotApplicable;2;2;NotApplicable;NotApplicable; ;0;0.052600;NotApplicable;0.00;0;NotApplicable;0.00;NotApplicable;7;210000.00;6474.18;0.00;6;2;0.00;NotApplicable;0;0;1;0.00;11;45565;0.00;8;45565;NotApplicable;2;216474.18
47;PRE000000392;PRE000000392;1000;2;EUR;14/03/2024;14/03/2024;12/03/2025;NotApplicable;NotApplicable;NotApplicable;0;NotApplicable;1;500000.00;5;4;4;1;1;0;2;NotApplicable;2;2;NotApplicable;NotApplicable; ;0;0.036700;NotApplicable;0.00;0;NotApplicable;0.00;NotApplicable;7;500000.00;10245.42;0.00;6;2;0.00;NotApplicable;0;0;1;0.00;11;45565;0.00;8;45565;NotApplicable;2;510245.42
47;PRE000000400;PRE000000400;1000;2;GBP;27/03/2024;27/03/2024;26/09/2024;NotApplicable;NotApplicable;NotApplicable;0;NotApplicable;1;292363.47;5;4;4;1;1;0;2;NotApplicable;2;2;NotApplicable;45561; ;0;NotApplicable;NotApplicable;0.00;0;NotApplicable;0.00;NotApplicable;7;0.00;NotApplicable;0.00;6;2;0.00;NotApplicable;0;0;1;0.00;11;45565;0.00;8;45565;NotApplicable;2;0.00
47;PRE000000401;PRE000000401;1000;2;USD;27/03/2024;27/03/2024;26/09/2024;NotApplicable;NotApplicable;NotApplicable;0;NotApplicable;1;1304227.17;5;4;4;1;1;0;2;NotApplicable;2;2;NotApplicable;45561; ;0;NotApplicable;NotApplicable;0.00;0;NotApplicable;0.00;NotApplicable;7;0.00;NotApplicable;0.00;6;2;0.00;NotApplicable;0;0;1;0.00;11;45565;0.00;8;45565;NotApplicable;2;0.00
47;PRE000000407;PRE000000407;1000;2;EUR;09/04/2024;09/04/2024;03/10/2024;NotApplicable;NotApplicable;NotApplicable;0;NotApplicable;1;165000.00;5;4;4;1;1;0;2;NotApplicable;2;2;NotApplicable;NotApplicable; ;0;0.037900;NotApplicable;0.00;0;NotApplicable;0.00;NotApplicable;7;165000.00;3039.90;0.00;6;2;0.00;NotApplicable;0;0;1;0.00;11;45565;0.00;8;45565;NotApplicable;2;168039.90
47;PRE000000414;PRE000000414;1000;2;EUR;15/04/2024;15/04/2024;15/10/2024;NotApplicable;NotApplicable;NotApplicable;0;NotApplicable;1;1120000.00;5;4;4;1;1;0;2;NotApplicable;2;2;NotApplicable;NotApplicable; ;0;0.038100;NotApplicable;0.00;0;NotApplicable;0.00;NotApplicable;7;1120000.00;20032.13;0.00;6;2;0.00;NotApplicable;0;0;1;0.00;11;45565;0.00;8;45565;NotApplicable;2;1140032.13
47;PRE000000421;PRE000000421;1000;2;USD;22/04/2024;22/04/2024;21/04/2025;NotApplicable;NotApplicable;NotApplicable;0;NotApplicable;1;3386825.90;5;4;4;1;1;0;2;NotApplicable;2;2;NotApplicable;NotApplicable; ;0;0.053800;NotApplicable;0.00;0;NotApplicable;0.00;NotApplicable;7;3630000.00;89509.75;0.00;6;2;0.00;NotApplicable;0;0;1;0.00;11;45565;0.00;8;45565;NotApplicable;2;3719509.75
47;PRE000000428;PRE000000428;1000;2;EUR;03/05/2024;03/05/2024;03/10/2024;NotApplicable;NotApplicable;NotApplicable;0;NotApplicable;1;1100000.00;5;4;4;1;1;0;2;NotApplicable;2;2;NotApplicable;NotApplicable; ;0;0.037700;NotApplicable;0.00;0;NotApplicable;0.00;NotApplicable;7;1100000.00;17509.56;0.00;6;2;0.00;NotApplicable;0;0;1;0.00;11;45565;0.00;8;45565;NotApplicable;2;1117509.56
47;PRE000000430;PRE000000430;1000;2;USD;03/05/2024;03/05/2024;03/10/2024;NotApplicable;NotApplicable;NotApplicable;0;NotApplicable;1;921489.13;5;4;4;1;1;0;2;NotApplicable;2;2;NotApplicable;NotApplicable; ;0;0.053400;NotApplicable;0.00;0;NotApplicable;0.00;NotApplicable;7;1000000.00;22546.67;0.00;6;2;0.00;NotApplicable;0;0;1;0.00;11;45565;0.00;8;45565;NotApplicable;2;1022546.67
47;PRE000000431;PRE000000431;1000;2;EUR;06/05/2024;06/05/2024;04/11/2024;NotApplicable;NotApplicable;NotApplicable;0;NotApplicable;1;700000.00;5;4;4;1;1;0;2;NotApplicable;2;2;NotApplicable;NotApplicable; ;0;0.037800;NotApplicable;0.00;0;NotApplicable;0.00;NotApplicable;7;700000.00;11172.00;0.00;6;2;0.00;NotApplicable;0;0;1;0.00;11;45565;0.00;8;45565;NotApplicable;2;711172.00
47;PRE000000432;PRE000000432;1000;2;EUR;06/05/2024;06/05/2024;03/02/2025;NotApplicable;NotApplicable;NotApplicable;0;NotApplicable;1;1000000.00;5;4;4;1;1;0;2;NotApplicable;2;2;NotApplicable;NotApplicable; ;0;0.037000;NotApplicable;0.00;0;NotApplicable;0.00;NotApplicable;7;1000000.00;15622.22;0.00;6;2;0.00;NotApplicable;0;0;1;0.00;11;45565;0.00;8;45565;NotApplicable;2;1015622.22
47;PRE000000433;PRE000000433;1000;2;EUR;07/05/2024;07/05/2024;04/12/2024;NotApplicable;NotApplicable;NotApplicable;0;NotApplicable;1;2500000.00;5;4;4;1;1;0;2;NotApplicable;2;2;NotApplicable;NotApplicable; ;0;0.037200;NotApplicable;0.00;0;NotApplicable;0.00;NotApplicable;7;2500000.00;38233.33;0.00;6;2;0.00;NotApplicable;0;0;1;0.00;11;45565;0.00;8;45565;NotApplicable;2;2538233.33
47;PRE000000451;PRE000000451;1000;2;EUR;29/05/2024;29/05/2024;25/11/2024;NotApplicable;NotApplicable;NotApplicable;0;NotApplicable;1;5000000.00;5;4;4;1;1;0;2;NotApplicable;2;2;NotApplicable;NotApplicable; ;0;0.037400;NotApplicable;0.00;0;NotApplicable;0.00;NotApplicable;7;5000000.00;64930.56;0.00;6;2;0.00;NotApplicable;0;0;1;0.00;11;45565;0.00;8;45565;NotApplicable;2;5064930.56
47;PRE000000452;PRE000000452;1000;2;EUR;29/05/2024;29/05/2024;23/05/2025;NotApplicable;NotApplicable;NotApplicable;0;NotApplicable;1;5000000.00;5;4;4;1;1;0;2;NotApplicable;2;2;NotApplicable;NotApplicable; ;0;0.037000;NotApplicable;0.00;0;NotApplicable;0.00;NotApplicable;7;5000000.00;64236.11;0.00;6;2;0.00;NotApplicable;0;0;1;0.00;11;45565;0.00;8;45565;NotApplicable;2;5064236.11
47;PRE000000458;PRE000000458;1000;2;EUR;05/06/2024;05/06/2024;04/09/2024;NotApplicable;NotApplicable;NotApplicable;0;NotApplicable;1;650000.00;5;4;4;1;1;0;2;NotApplicable;2;2;NotApplicable;45539; ;0;NotApplicable;NotApplicable;0.00;0;NotApplicable;0.00;NotApplicable;7;0.00;NotApplicable;0.00;6;2;0.00;NotApplicable;0;0;1;0.00;11;45565;0.00;8;45565;NotApplicable;2;0.00
47;PRE000000459;PRE000000459;1000;2;USD;11/06/2024;11/06/2024;03/09/2024;NotApplicable;NotApplicable;NotApplicable;0;NotApplicable;1;600000.00;5;4;4;1;1;0;2;NotApplicable;2;2;NotApplicable;45538; ;0;NotApplicable;NotApplicable;0.00;0;NotApplicable;0.00;NotApplicable;7;0.00;NotApplicable;0.00;6;2;0.00;NotApplicable;0;0;1;0.00;11;45565;0.00;8;45565;NotApplicable;2;0.00
47;PRE000000460;PRE000000460;1000;2;EUR;18/06/2024;18/06/2024;18/09/2024;NotApplicable;NotApplicable;NotApplicable;0;NotApplicable;1;2000000.00;5;4;4;1;1;0;2;NotApplicable;2;2;NotApplicable;45553; ;0;NotApplicable;NotApplicable;0.00;0;NotApplicable;0.00;NotApplicable;7;0.00;NotApplicable;0.00;6;2;0.00;NotApplicable;0;0;1;0.00;11;45565;0.00;8;45565;NotApplicable;2;0.00
47;PRE000000461;PRE000000461;1000;2;USD;18/06/2024;18/06/2024;18/09/2024;NotApplicable;NotApplicable;NotApplicable;0;NotApplicable;1;2000000.00;5;4;4;1;1;0;2;NotApplicable;2;2;NotApplicable;45553; ;0;NotApplicable;NotApplicable;0.00;0;NotApplicable;0.00;NotApplicable;7;0.00;NotApplicable;0.00;6;2;0.00;NotApplicable;0;0;1;0.00;11;45565;0.00;8;45565;NotApplicable;2;0.00
47;PRE000000464;PRE000000464;1000;2;EUR;20/06/2024;20/06/2024;04/12/2024;NotApplicable;NotApplicable;NotApplicable;0;NotApplicable;1;20000000.00;5;4;4;1;1;0;2;NotApplicable;2;2;NotApplicable;NotApplicable; ;0;0.036800;NotApplicable;0.00;0;NotApplicable;0.00;NotApplicable;7;20000000.00;210577.78;0.00;6;2;0.00;NotApplicable;0;0;1;0.00;11;45565;0.00;8;45565;NotApplicable;2;20210577.78
47;PRE000000465;PRE000000465;1000;2;USD;20/06/2024;20/06/2024;18/09/2024;NotApplicable;NotApplicable;NotApplicable;0;NotApplicable;1;1000000.00;5;4;4;1;1;0;2;NotApplicable;2;2;NotApplicable;45553; ;0;NotApplicable;NotApplicable;0.00;0;NotApplicable;0.00;NotApplicable;7;0.00;NotApplicable;0.00;6;2;0.00;NotApplicable;0;0;1;0.00;11;45565;0.00;8;45565;NotApplicable;2;0.00
47;PRE000000466;PRE000000466;1000;2;EUR;21/06/2024;21/06/2024;20/09/2024;NotApplicable;NotApplicable;NotApplicable;0;NotApplicable;1;5000000.00;5;4;4;1;1;0;2;NotApplicable;2;2;NotApplicable;45555; ;0;NotApplicable;NotApplicable;0.00;0;NotApplicable;0.00;NotApplicable;7;0.00;NotApplicable;0.00;6;2;0.00;NotApplicable;0;0;1;0.00;11;45565;0.00;8;45565;NotApplicable;2;0.00
47;PRE000000467;PRE000000467;1000;2;EUR;21/06/2024;21/06/2024;20/12/2024;NotApplicable;NotApplicable;NotApplicable;0;NotApplicable;1;5000000.00;5;4;4;1;1;0;2;NotApplicable;2;2;NotApplicable;NotApplicable; ;0;0.036800;NotApplicable;0.00;0;NotApplicable;0.00;NotApplicable;7;5000000.00;52133.33;0.00;6;2;0.00;NotApplicable;0;0;1;0.00;11;45565;0.00;8;45565;NotApplicable;2;5052133.33
47;PRE000000468;PRE000000468;1000;2;USD;26/06/2024;26/06/2024;30/12/2024;NotApplicable;NotApplicable;NotApplicable;0;NotApplicable;1;3000000.00;5;4;4;1;1;0;2;NotApplicable;2;2;NotApplicable;NotApplicable; ;0;0.053800;NotApplicable;0.00;0;NotApplicable;0.00;NotApplicable;7;3000000.00;43488.33;0.00;6;2;0.00;NotApplicable;0;0;1;0.00;11;45565;0.00;8;45565;NotApplicable;2;3043488.33
47;PRE000000472;PRE000000472;1000;2;EUR;08/07/2024;08/07/2024;01/10/2024;NotApplicable;NotApplicable;NotApplicable;0;NotApplicable;1;8000000.00;5;4;4;1;1;0;2;NotApplicable;2;2;NotApplicable;NotApplicable; ;0;0.036800;NotApplicable;0.00;0;NotApplicable;0.00;NotApplicable;7;8000000.00;75235.56;0.00;6;2;0.00;NotApplicable;0;0;1;0.00;11;45565;0.00;8;45565;NotApplicable;2;8075235.56
47;PRE000000473;PRE000000473;1000;2;EUR;09/07/2024;09/07/2024;04/04/2025;NotApplicable;NotApplicable;NotApplicable;0;NotApplicable;1;5000000.00;5;4;4;1;1;0;2;NotApplicable;2;2;NotApplicable;NotApplicable; ;0;0.035800;NotApplicable;0.00;0;NotApplicable;0.00;NotApplicable;7;5000000.00;43755.56;0.00;6;2;0.00;NotApplicable;0;0;1;0.00;11;45565;0.00;8;45565;NotApplicable;2;5043755.56
47;PRE000000474;PRE000000474;1000;2;EUR;11/07/2024;11/07/2024;04/10/2024;NotApplicable;NotApplicable;NotApplicable;0;NotApplicable;1;7000000.00;5;4;4;1;1;0;2;NotApplicable;2;2;NotApplicable;NotApplicable; ;0;0.036700;NotApplicable;0.00;0;NotApplicable;0.00;NotApplicable;7;7000000.00;62797.78;0.00;6;2;0.00;NotApplicable;0;0;1;0.00;11;45565;0.00;8;45565;NotApplicable;2;7062797.78
47;PRE000000475;PRE000000475;1000;2;EUR;12/07/2024;12/07/2024;12/11/2024;NotApplicable;NotApplicable;NotApplicable;0;NotApplicable;1;1000000.00;5;4;4;1;1;0;2;NotApplicable;2;2;NotApplicable;NotApplicable; ;0;0.036600;NotApplicable;0.00;0;NotApplicable;0.00;NotApplicable;7;1000000.00;8235.00;0.00;6;2;0.00;NotApplicable;0;0;1;0.00;11;45565;0.00;8;45565;NotApplicable;2;1008235.00
47;PRE000000476;PRE000000476;1000;2;EUR;15/07/2024;15/07/2024;08/01/2025;NotApplicable;NotApplicable;NotApplicable;0;NotApplicable;1;8000000.00;5;4;4;1;1;0;2;NotApplicable;2;2;NotApplicable;NotApplicable; ;0;0.036000;NotApplicable;0.00;0;NotApplicable;0.00;NotApplicable;7;8000000.00;68000.00;0.00;6;2;0.00;NotApplicable;0;0;1;0.00;11;45565;0.00;8;45565;NotApplicable;2;8068000.00
47;PRE000000477;PRE000000477;1000;2;USD;17/07/2024;17/07/2024;16/07/2025;NotApplicable;NotApplicable;NotApplicable;0;NotApplicable;1;1000000.00;5;4;4;1;1;0;2;NotApplicable;2;2;NotApplicable;NotApplicable; ;0;0.050300;NotApplicable;0.00;0;NotApplicable;0.00;NotApplicable;7;1000000.00;10758.61;0.00;6;2;0.00;NotApplicable;0;0;1;0.00;11;45565;0.00;8;45565;NotApplicable;2;1010758.61
47;PRE000000478;PRE000000478;1000;2;EUR;18/07/2024;18/07/2024;14/10/2024;NotApplicable;NotApplicable;NotApplicable;0;NotApplicable;1;2000000.00;5;4;4;1;1;0;2;NotApplicable;2;2;NotApplicable;NotApplicable; ;0;0.036600;NotApplicable;0.00;0;NotApplicable;0.00;NotApplicable;7;2000000.00;16876.67;0.00;6;2;0.00;NotApplicable;0;0;1;0.00;11;45565;0.00;8;45565;NotApplicable;2;2016876.67
47;PRE000000479;PRE000000479;1000;2;EUR;24/07/2024;24/07/2024;23/09/2024;NotApplicable;NotApplicable;NotApplicable;0;NotApplicable;1;1000000.00;5;4;4;1;1;0;2;NotApplicable;2;2;NotApplicable;45558; ;0;NotApplicable;NotApplicable;0.00;0;NotApplicable;0.00;NotApplicable;7;0.00;NotApplicable;0.00;6;2;0.00;NotApplicable;0;0;1;0.00;11;45565;0.00;8;45565;NotApplicable;2;0.00
47;PRE000000480;PRE000000480;1000;2;EUR;24/07/2024;24/07/2024;24/10/2024;NotApplicable;NotApplicable;NotApplicable;0;NotApplicable;1;1000000.00;5;4;4;1;1;0;2;NotApplicable;2;2;NotApplicable;NotApplicable; ;0;0.036500;NotApplicable;0.00;0;NotApplicable;0.00;NotApplicable;7;1000000.00;6995.83;0.00;6;2;0.00;NotApplicable;0;0;1;0.00;11;45565;0.00;8;45565;NotApplicable;2;1006995.83
47;PRE000000482;PRE000000482;1000;2;EUR;25/07/2024;25/07/2024;21/10/2024;NotApplicable;NotApplicable;NotApplicable;0;NotApplicable;1;1000000.00;5;4;4;1;1;0;2;NotApplicable;2;2;NotApplicable;NotApplicable; ;0;0.036500;NotApplicable;0.00;0;NotApplicable;0.00;NotApplicable;7;1000000.00;6894.44;0.00;6;2;0.00;NotApplicable;0;0;1;0.00;11;45565;0.00;8;45565;NotApplicable;2;1006894.44
47;PRE000000487;PRE000000487;1000;2;EUR;30/07/2024;30/07/2024;29/10/2024;NotApplicable;NotApplicable;NotApplicable;0;NotApplicable;1;4000000.00;5;4;4;1;1;0;2;NotApplicable;2;2;NotApplicable;NotApplicable; ;0;0.036200;NotApplicable;0.00;0;NotApplicable;0.00;NotApplicable;7;4000000.00;25340.00;0.00;6;2;0.00;NotApplicable;0;0;1;0.00;11;45565;0.00;8;45565;NotApplicable;2;4025340.00
47;PRE000000488;PRE000000488;1000;2;EUR;30/07/2024;30/07/2024;30/09/2024;NotApplicable;NotApplicable;NotApplicable;0;NotApplicable;1;2000000.00;5;4;4;1;1;0;2;NotApplicable;2;2;NotApplicable;45565; ;0;NotApplicable;NotApplicable;0.00;0;NotApplicable;0.00;NotApplicable;7;0.00;NotApplicable;0.00;6;2;0.00;NotApplicable;0;0;1;0.00;11;45565;0.00;8;45565;NotApplicable;2;0.00
47;PRE000000489;PRE000000489;1000;2;EUR;01/08/2024;01/08/2024;04/11/2024;NotApplicable;NotApplicable;NotApplicable;0;NotApplicable;1;6000000.00;5;4;4;1;1;0;2;NotApplicable;2;2;NotApplicable;NotApplicable; ;0;0.036000;NotApplicable;0.00;0;NotApplicable;0.00;NotApplicable;7;6000000.00;36600.00;0.00;6;2;0.00;NotApplicable;0;0;1;0.00;11;45565;0.00;8;45565;NotApplicable;2;6036600.00
47;PRE000000490;PRE000000490;1000;2;EUR;01/08/2024;01/08/2024;03/02/2025;NotApplicable;NotApplicable;NotApplicable;0;NotApplicable;1;2000000.00;5;4;4;1;1;0;2;NotApplicable;2;2;NotApplicable;NotApplicable; ;0;0.035100;NotApplicable;0.00;0;NotApplicable;0.00;NotApplicable;7;2000000.00;11895.00;0.00;6;2;0.00;NotApplicable;0;0;1;0.00;11;45565;0.00;8;45565;NotApplicable;2;2011895.00
47;PRE000000491;PRE000000491;1000;2;EUR;02/08/2024;02/08/2024;03/02/2025;NotApplicable;NotApplicable;NotApplicable;0;NotApplicable;1;2000000.00;5;4;4;1;1;0;2;NotApplicable;2;2;NotApplicable;NotApplicable; ;0;0.035000;NotApplicable;0.00;0;NotApplicable;0.00;NotApplicable;7;2000000.00;11666.67;0.00;6;2;0.00;NotApplicable;0;0;1;0.00;11;45565;0.00;8;45565;NotApplicable;2;2011666.67
47;PRE000000493;PRE000000493;1000;2;EUR;08/08/2024;08/08/2024;01/08/2025;NotApplicable;NotApplicable;NotApplicable;0;NotApplicable;1;1000000.00;5;4;4;1;1;0;2;NotApplicable;2;2;NotApplicable;NotApplicable; ;0;0.031000;NotApplicable;0.00;0;NotApplicable;0.00;NotApplicable;7;1000000.00;4650.00;0.00;6;2;0.00;NotApplicable;0;0;1;0.00;11;45565;0.00;8;45565;NotApplicable;2;1004650.00
47;PRE000000494;PRE000000494;1000;2;EUR;12/08/2024;12/08/2024;06/09/2024;NotApplicable;NotApplicable;NotApplicable;0;NotApplicable;1;1000000.00;5;4;4;1;1;0;2;NotApplicable;2;2;NotApplicable;45541; ;0;NotApplicable;NotApplicable;0.00;0;NotApplicable;0.00;NotApplicable;7;0.00;NotApplicable;0.00;6;2;0.00;NotApplicable;0;0;1;0.00;11;45565;0.00;8;45565;NotApplicable;2;0.00
47;PRE000000495;PRE000000495;1000;2;USD;12/08/2024;12/08/2024;10/02/2025;NotApplicable;NotApplicable;NotApplicable;0;NotApplicable;1;400000.00;5;4;4;1;1;0;2;NotApplicable;2;2;NotApplicable;NotApplicable; ;0;0.049200;NotApplicable;0.00;0;NotApplicable;0.00;NotApplicable;7;400000.00;2897.33;0.00;6;2;0.00;NotApplicable;0;0;1;0.00;11;45565;0.00;8;45565;NotApplicable;2;402897.33
47;PRE000000496;PRE000000496;1000;2;EUR;14/08/2024;14/08/2024;01/11/2024;NotApplicable;NotApplicable;NotApplicable;0;NotApplicable;1;2000000.00;5;4;4;1;1;0;2;NotApplicable;2;2;NotApplicable;NotApplicable; ;0;0.035900;NotApplicable;0.00;0;NotApplicable;0.00;NotApplicable;7;2000000.00;12166.11;0.00;6;2;0.00;NotApplicable;0;0;1;0.00;11;45565;0.00;8;45565;NotApplicable;2;2012166.11
47;PRE000000497;PRE000000497;1000;2;EUR;14/08/2024;14/08/2024;13/09/2024;NotApplicable;NotApplicable;NotApplicable;0;NotApplicable;1;2500000.00;5;4;4;1;1;0;2;NotApplicable;2;2;NotApplicable;45548; ;0;NotApplicable;NotApplicable;0.00;0;NotApplicable;0.00;NotApplicable;7;0.00;NotApplicable;0.00;6;2;0.00;NotApplicable;0;0;1;0.00;11;45565;0.00;8;45565;NotApplicable;2;0.00
47;PRE000000498;PRE000000498;1000;2;USD;21/08/2024;21/08/2024;20/09/2024;NotApplicable;NotApplicable;NotApplicable;0;NotApplicable;1;2500000.00;5;4;4;1;1;0;2;NotApplicable;2;2;NotApplicable;45555; ;0;NotApplicable;NotApplicable;0.00;0;NotApplicable;0.00;NotApplicable;7;0.00;NotApplicable;0.00;6;2;0.00;NotApplicable;0;0;1;0.00;11;45565;0.00;8;45565;NotApplicable;2;0.00
47;PRE000000499;PRE000000499;1000;2;EUR;21/08/2024;21/08/2024;12/09/2024;NotApplicable;NotApplicable;NotApplicable;0;NotApplicable;1;3800000.00;5;4;4;1;1;0;2;NotApplicable;2;2;NotApplicable;45547; ;0;NotApplicable;NotApplicable;0.00;0;NotApplicable;0.00;NotApplicable;7;0.00;NotApplicable;0.00;6;2;0.00;NotApplicable;0;0;1;0.00;11;45565;0.00;8;45565;NotApplicable;2;0.00
47;PRE000000500;PRE000000500;1000;2;EUR;23/08/2024;23/08/2024;12/11/2024;NotApplicable;NotApplicable;NotApplicable;0;NotApplicable;1;1500000.00;5;4;4;1;1;0;2;NotApplicable;2;2;NotApplicable;NotApplicable; ;0;0.035400;NotApplicable;0.00;0;NotApplicable;0.00;NotApplicable;7;1500000.00;7375.00;0.00;6;2;0.00;NotApplicable;0;0;1;0.00;11;45565;0.00;8;45565;NotApplicable;2;1507375.00
47;PRE000000501;PRE000000501;1000;2;GBP;27/08/2024;27/08/2024;23/09/2024;NotApplicable;NotApplicable;NotApplicable;0;NotApplicable;1;300000.00;5;4;4;1;1;0;2;NotApplicable;2;2;NotApplicable;45558; ;0;NotApplicable;NotApplicable;0.00;0;NotApplicable;0.00;NotApplicable;7;0.00;NotApplicable;0.00;6;2;0.00;NotApplicable;0;0;1;0.00;11;45565;0.00;8;45565;NotApplicable;2;0.00
47;PRE000000502;PRE000000502;1000;2;EUR;27/08/2024;27/08/2024;23/09/2024;NotApplicable;NotApplicable;NotApplicable;0;NotApplicable;1;5000000.00;5;4;4;1;1;0;2;NotApplicable;2;2;NotApplicable;45558; ;0;NotApplicable;NotApplicable;0.00;0;NotApplicable;0.00;NotApplicable;7;0.00;NotApplicable;0.00;6;2;0.00;NotApplicable;0;0;1;0.00;11;45565;0.00;8;45565;NotApplicable;2;0.00
47;PRE000000503;PRE000000503;1000;2;EUR;27/08/2024;27/08/2024;14/11/2024;NotApplicable;NotApplicable;NotApplicable;0;NotApplicable;1;1500000.00;5;4;4;1;1;0;2;NotApplicable;2;2;NotApplicable;NotApplicable; ;0;0.035200;NotApplicable;0.00;0;NotApplicable;0.00;NotApplicable;7;1500000.00;7040.00;0.00;6;2;0.00;NotApplicable;0;0;1;0.00;11;45565;0.00;8;45565;NotApplicable;2;1507040.00
47;PRE000000504;PRE000000504;1000;2;EUR;28/08/2024;28/08/2024;27/09/2024;NotApplicable;NotApplicable;NotApplicable;0;NotApplicable;1;12000000.00;5;4;4;1;1;0;2;NotApplicable;2;2;NotApplicable;45562; ;0;NotApplicable;NotApplicable;0.00;0;NotApplicable;0.00;NotApplicable;7;0.00;NotApplicable;0.00;6;2;0.00;NotApplicable;0;0;1;0.00;11;45565;0.00;8;45565;NotApplicable;2;0.00
47;PRE000000505;PRE000000505;1000;2;USD;28/08/2024;28/08/2024;27/09/2024;NotApplicable;NotApplicable;NotApplicable;0;NotApplicable;1;10000000.00;5;4;4;1;1;0;2;NotApplicable;2;2;NotApplicable;45562; ;0;NotApplicable;NotApplicable;0.00;0;NotApplicable;0.00;NotApplicable;7;0.00;NotApplicable;0.00;6;2;0.00;NotApplicable;0;0;1;0.00;11;45565;0.00;8;45565;NotApplicable;2;0.00
47;PRE000000506;PRE000000506;1000;2;EUR;29/08/2024;29/08/2024;27/11/2024;NotApplicable;NotApplicable;NotApplicable;0;NotApplicable;1;1000000.00;5;4;4;1;1;0;2;NotApplicable;2;2;NotApplicable;NotApplicable; ;0;0.034800;NotApplicable;0.00;0;NotApplicable;0.00;NotApplicable;7;1000000.00;3480.00;0.00;6;2;0.00;NotApplicable;0;0;1;0.00;11;45565;0.00;8;45565;NotApplicable;2;1003480.00
47;PRE000000507;PRE000000507;1000;2;EUR;30/08/2024;30/08/2024;03/03/2025;NotApplicable;NotApplicable;NotApplicable;0;NotApplicable;1;2700000.00;5;4;4;1;1;0;2;NotApplicable;2;2;NotApplicable;NotApplicable; ;0;0.033400;NotApplicable;0.00;0;NotApplicable;0.00;NotApplicable;7;2700000.00;8266.50;0.00;6;2;0.00;NotApplicable;0;0;1;0.00;11;45565;0.00;8;45565;NotApplicable;2;2708266.50
47;PRE000000508;PRE000000508;1000;2;EUR;30/08/2024;30/08/2024;29/11/2024;NotApplicable;NotApplicable;NotApplicable;0;NotApplicable;1;1000000.00;5;4;4;1;1;0;2;NotApplicable;2;2;NotApplicable;NotApplicable; ;0;0.034700;NotApplicable;0.00;0;NotApplicable;0.00;NotApplicable;7;1000000.00;3180.83;0.00;6;2;0.00;NotApplicable;0;0;1;0.00;11;45565;0.00;8;45565;NotApplicable;2;1003180.83
47;PRE000000509;PRE000000509;1000;2;EUR;04/09/2024;04/09/2024;03/10/2024;NotApplicable;NotApplicable;NotApplicable;0;NotApplicable;1;8000000.00;5;4;4;1;1;0;2;NotApplicable;2;2;NotApplicable;NotApplicable; ;0;0.034900;NotApplicable;0.00;0;NotApplicable;0.00;NotApplicable;7;8000000.00;20940.00;0.00;6;2;0.00;NotApplicable;0;0;1;0.00;11;45565;0.00;8;45565;NotApplicable;2;8020940.00
47;PRE000000510;PRE000000510;1000;2;USD;04/09/2024;04/09/2024;03/10/2024;NotApplicable;NotApplicable;NotApplicable;0;NotApplicable;1;40000000.00;5;4;4;1;1;0;2;NotApplicable;2;2;NotApplicable;NotApplicable; ;0;0.051000;NotApplicable;0.00;0;NotApplicable;0.00;NotApplicable;7;40000000.00;153000.00;0.00;6;2;0.00;NotApplicable;0;0;1;0.00;11;45565;0.00;8;45565;NotApplicable;2;40153000.00
47;PRE000000511;PRE000000511;1000;2;EUR;09/09/2024;09/09/2024;04/10/2024;NotApplicable;NotApplicable;NotApplicable;0;NotApplicable;1;1000000.00;5;4;4;1;1;0;2;NotApplicable;2;2;NotApplicable;NotApplicable; ;0;0.034400;NotApplicable;0.00;0;NotApplicable;0.00;NotApplicable;7;1000000.00;2102.22;0.00;6;2;0.00;NotApplicable;0;0;1;0.00;11;45565;0.00;8;45565;NotApplicable;2;1002102.22
47;PRE000000512;PRE000000512;1000;2;EUR;09/09/2024;09/09/2024;02/12/2024;NotApplicable;NotApplicable;NotApplicable;0;NotApplicable;1;4000000.00;5;4;4;1;1;0;2;NotApplicable;2;2;NotApplicable;NotApplicable; ;0;0.034400;NotApplicable;0.00;0;NotApplicable;0.00;NotApplicable;7;4000000.00;8408.89;0.00;6;2;0.00;NotApplicable;0;0;1;0.00;11;45565;0.00;8;45565;NotApplicable;2;4008408.89
47;PRE000000513;PRE000000513;1000;2;EUR;11/09/2024;11/09/2024;10/10/2024;NotApplicable;NotApplicable;NotApplicable;0;NotApplicable;1;1000000.00;5;4;4;1;1;0;2;NotApplicable;2;2;NotApplicable;NotApplicable; ;0;0.034400;NotApplicable;0.00;0;NotApplicable;0.00;NotApplicable;7;1000000.00;2102.22;0.00;6;2;0.00;NotApplicable;0;0;1;0.00;11;45565;0.00;8;45565;NotApplicable;2;1002102.22
47;PRE000000514;PRE000000514;1000;2;EUR;16/09/2024;16/09/2024;12/03/2025;NotApplicable;NotApplicable;NotApplicable;0;NotApplicable;1;6500000.00;5;4;4;1;1;0;2;NotApplicable;2;2;NotApplicable;NotApplicable; ;0;0.032700;NotApplicable;0.00;0;NotApplicable;0.00;NotApplicable;7;6500000.00;8856.25;0.00;6;2;0.00;NotApplicable;0;0;1;0.00;11;45565;0.00;8;45565;NotApplicable;2;6508856.25
47;PRE000000515;PRE000000515;1000;2;EUR;17/09/2024;17/09/2024;14/10/2024;NotApplicable;NotApplicable;NotApplicable;0;NotApplicable;1;2000000.00;5;4;4;1;1;0;2;NotApplicable;2;2;NotApplicable;NotApplicable; ;0;0.034000;NotApplicable;0.00;0;NotApplicable;0.00;NotApplicable;7;2000000.00;2644.44;0.00;6;2;0.00;NotApplicable;0;0;1;0.00;11;45565;0.00;8;45565;NotApplicable;2;2002644.44
47;PRE000000516;PRE000000516;1000;2;EUR;17/09/2024;17/09/2024;16/09/2025;NotApplicable;NotApplicable;NotApplicable;0;NotApplicable;1;1000000.00;5;4;4;1;1;0;2;NotApplicable;2;2;NotApplicable;NotApplicable; ;0;0.028800;NotApplicable;0.00;0;NotApplicable;0.00;NotApplicable;7;1000000.00;1120.00;0.00;6;2;0.00;NotApplicable;0;0;1;0.00;11;45565;0.00;8;45565;NotApplicable;2;1001120.00
47;PRE000000517;PRE000000517;1000;2;EUR;18/09/2024;18/09/2024;14/10/2024;NotApplicable;NotApplicable;NotApplicable;0;NotApplicable;1;2000000.00;5;4;4;1;1;0;2;NotApplicable;2;2;NotApplicable;NotApplicable; ;0;0.034000;NotApplicable;0.00;0;NotApplicable;0.00;NotApplicable;7;2000000.00;2455.56;0.00;6;2;0.00;NotApplicable;0;0;1;0.00;11;45565;0.00;8;45565;NotApplicable;2;2002455.56
47;PRE000000518;PRE000000518;1000;2;USD;18/09/2024;18/09/2024;11/12/2024;NotApplicable;NotApplicable;NotApplicable;0;NotApplicable;1;1000000.00;5;4;4;1;1;0;2;NotApplicable;2;2;NotApplicable;NotApplicable; ;0;0.048500;NotApplicable;0.00;0;NotApplicable;0.00;NotApplicable;7;1000000.00;1751.39;0.00;6;2;0.00;NotApplicable;0;0;1;0.00;11;45565;0.00;8;45565;NotApplicable;2;1001751.39
47;PRE000000519;PRE000000519;1000;2;EUR;19/09/2024;19/09/2024;16/10/2024;NotApplicable;NotApplicable;NotApplicable;0;NotApplicable;1;2000000.00;5;4;4;1;1;0;2;NotApplicable;2;2;NotApplicable;NotApplicable; ;0;0.033900;NotApplicable;0.00;0;NotApplicable;0.00;NotApplicable;7;2000000.00;2260.00;0.00;6;2;0.00;NotApplicable;0;0;1;0.00;11;45565;0.00;8;45565;NotApplicable;2;2002260.00
47;PRE000000520;PRE000000520;1000;2;EUR;23/09/2024;23/09/2024;20/03/2025;NotApplicable;NotApplicable;NotApplicable;0;NotApplicable;1;1000000.00;5;4;4;1;1;0;2;NotApplicable;2;2;NotApplicable;NotApplicable; ;0;0.032500;NotApplicable;0.00;0;NotApplicable;0.00;NotApplicable;7;1000000.00;722.22;0.00;6;2;0.00;NotApplicable;0;0;1;0.00;11;45565;0.00;8;45565;NotApplicable;2;1000722.22
47;PRE000000521;PRE000000521;1000;2;USD;23/09/2024;23/09/2024;21/10/2024;NotApplicable;NotApplicable;NotApplicable;0;NotApplicable;1;3000000.00;5;4;4;1;1;0;2;NotApplicable;2;2;NotApplicable;NotApplicable; ;0;0.047800;NotApplicable;0.00;0;NotApplicable;0.00;NotApplicable;7;3000000.00;3186.67;0.00;6;2;0.00;NotApplicable;0;0;1;0.00;11;45565;0.00;8;45565;NotApplicable;2;3003186.67
47;PRE000000522;PRE000000522;1000;2;EUR;26/09/2024;26/09/2024;24/10/2024;NotApplicable;NotApplicable;NotApplicable;0;NotApplicable;1;6000000.00;5;4;4;1;1;0;2;NotApplicable;2;2;NotApplicable;NotApplicable; ;0;0.033600;NotApplicable;0.00;0;NotApplicable;0.00;NotApplicable;7;6000000.00;2800.00;0.00;6;2;0.00;NotApplicable;0;0;1;0.00;11;45565;0.00;8;45565;NotApplicable;2;6002800.00
47;PRE000000523;PRE000000523;1000;2;EUR;26/09/2024;26/09/2024;23/12/2024;NotApplicable;NotApplicable;NotApplicable;0;NotApplicable;1;1000000.00;5;4;4;1;1;0;2;NotApplicable;2;2;NotApplicable;NotApplicable; ;0;0.033400;NotApplicable;0.00;0;NotApplicable;0.00;NotApplicable;7;1000000.00;463.89;0.00;6;2;0.00;NotApplicable;0;0;1;0.00;11;45565;0.00;8;45565;NotApplicable;2;1000463.89
47;PRE000000524;PRE000000524;1000;2;GBP;26/09/2024;26/09/2024;24/10/2024;NotApplicable;NotApplicable;NotApplicable;0;NotApplicable;1;500000.00;5;4;4;1;1;0;2;NotApplicable;2;2;NotApplicable;NotApplicable; ;0;0.048500;NotApplicable;0.00;0;NotApplicable;0.00;NotApplicable;7;500000.00;332.19;0.00;6;2;0.00;NotApplicable;0;0;1;0.00;11;45565;0.00;8;45565;NotApplicable;2;500332.19
47;PRE000000525;PRE000000525;1000;2;EUR;27/09/2024;27/09/2024;19/11/2024;NotApplicable;NotApplicable;NotApplicable;0;NotApplicable;1;1500000.00;5;4;4;1;1;0;2;NotApplicable;2;2;NotApplicable;NotApplicable; ;0;0.033500;NotApplicable;0.00;0;NotApplicable;0.00;NotApplicable;7;1500000.00;558.33;0.00;6;2;0.00;NotApplicable;0;0;1;0.00;11;45565;0.00;8;45565;NotApplicable;2;1500558.33
47;PRE000000526;PRE000000526;1000;2;EUR;27/09/2024;27/09/2024;21/10/2024;NotApplicable;NotApplicable;NotApplicable;0;NotApplicable;1;1500000.00;5;4;4;1;1;0;2;NotApplicable;2;2;NotApplicable;NotApplicable; ;0;0.033700;NotApplicable;0.00;0;NotApplicable;0.00;NotApplicable;7;1500000.00;561.67;0.00;6;2;0.00;NotApplicable;0;0;1;0.00;11;45565;0.00;8;45565;NotApplicable;2;1500561.67
47;509001;509001;1000;2;EUR;01/01/2008;01/01/2008;01/10/2024;NotApplicable;NotApplicable;NotApplicable;0;NotApplicable;1;0.00;4;4;4;1;1;0;2;NotApplicable;1;2;NotApplicable;NotApplicable; ;0;NotApplicable;NotApplicable;0.00;0;NotApplicable;0.00;NotApplicable;7;534452.35;0.00;0.00;14;1;0.00;NotApplicable;0;0;1;0.00;11;45565;0.00;8;45565;NotApplicable;2;534452.35
47;509202;509202;1000;2;CHF;01/01/2008;01/01/2008;01/10/2024;NotApplicable;NotApplicable;NotApplicable;0;NotApplicable;1;0.00;4;4;4;1;1;0;2;NotApplicable;1;2;NotApplicable;NotApplicable; ;0;NotApplicable;NotApplicable;0.00;0;NotApplicable;0.00;NotApplicable;7;2431996.97;0.00;0.00;14;1;0.00;NotApplicable;0;0;1;0.00;11;45565;0.00;8;45565;NotApplicable;2;2431996.97
47;509204;509204;1000;2;GBP;01/01/2008;01/01/2008;01/10/2024;NotApplicable;NotApplicable;NotApplicable;0;NotApplicable;1;0.00;4;4;4;1;1;0;2;NotApplicable;1;2;NotApplicable;NotApplicable; ;0;NotApplicable;NotApplicable;0.00;0;NotApplicable;0.00;NotApplicable;7;4037917.61;0.00;0.00;14;1;0.00;NotApplicable;0;0;1;0.00;11;45565;0.00;8;45565;NotApplicable;2;4037917.61
47;509205;509205;1000;2;JPY;01/01/2008;01/01/2008;01/10/2024;NotApplicable;NotApplicable;NotApplicable;0;NotApplicable;1;0.00;4;4;4;1;1;0;2;NotApplicable;1;2;NotApplicable;NotApplicable; ;0;NotApplicable;NotApplicable;0.00;0;NotApplicable;0.00;NotApplicable;7;36339901.00;0.00;0.00;14;1;0.00;NotApplicable;0;0;1;0.00;11;45565;0.00;8;45565;NotApplicable;2;36339901.00
47;509206;509206;1000;2;USD;01/01/2008;01/01/2008;01/10/2024;NotApplicable;NotApplicable;NotApplicable;0;NotApplicable;1;0.00;4;4;4;1;1;0;2;NotApplicable;1;2;NotApplicable;NotApplicable; ;0;NotApplicable;NotApplicable;0.00;0;NotApplicable;0.00;NotApplicable;7;31845958.73;0.00;0.00;14;1;0.00;NotApplicable;0;0;1;0.00;11;45565;0.00;8;45565;NotApplicable;2;31845958.73
47;509207;509207;1000;2;CAD;04/06/2008;04/06/2008;01/10/2024;NotApplicable;NotApplicable;NotApplicable;0;NotApplicable;1;0.00;4;4;4;1;1;0;2;NotApplicable;1;2;NotApplicable;NotApplicable; ;0;NotApplicable;NotApplicable;0.00;0;NotApplicable;0.00;NotApplicable;7;410529.45;0.00;0.00;14;1;0.00;NotApplicable;0;0;1;0.00;11;45565;0.00;8;45565;NotApplicable;2;410529.45
47;509210;509210;1000;2;SEK;20/07/2011;20/07/2011;01/10/2024;NotApplicable;NotApplicable;NotApplicable;0;NotApplicable;1;0.00;4;4;4;1;1;0;2;NotApplicable;1;2;NotApplicable;NotApplicable; ;0;NotApplicable;NotApplicable;0.00;0;NotApplicable;0.00;NotApplicable;7;15898.95;0.00;0.00;14;1;0.00;NotApplicable;0;0;1;0.00;11;45565;0.00;8;45565;NotApplicable;2;15898.95
47;509212;509212;1000;2;NOK;05/03/2012;05/03/2012;01/10/2024;NotApplicable;NotApplicable;NotApplicable;0;NotApplicable;1;0.00;4;4;4;1;1;0;2;NotApplicable;1;2;NotApplicable;NotApplicable; ;0;NotApplicable;NotApplicable;0.00;0;NotApplicable;0.00;NotApplicable;7;1180212.73;0.00;0.00;14;1;0.00;NotApplicable;0;0;1;0.00;11;45565;0.00;8;45565;NotApplicable;2;1180212.73
47;509213;509213;1000;2;HKD;21/06/2012;21/06/2012;01/10/2024;NotApplicable;NotApplicable;NotApplicable;0;NotApplicable;1;0.00;4;4;4;1;1;0;2;NotApplicable;1;2;NotApplicable;NotApplicable; ;0;NotApplicable;NotApplicable;0.00;0;NotApplicable;0.00;NotApplicable;7;8785.01;0.00;0.00;14;1;0.00;NotApplicable;0;0;1;0.00;11;45565;0.00;8;45565;NotApplicable;2;8785.01
47;509401;509401;1000;2;EUR;01/01/2008;01/01/2008;01/10/2024;NotApplicable;NotApplicable;NotApplicable;0;NotApplicable;1;0.00;4;4;4;1;1;0;2;NotApplicable;1;2;NotApplicable;NotApplicable; ;0;NotApplicable;NotApplicable;0.00;0;NotApplicable;0.00;NotApplicable;7;3470016.97;0.00;0.00;14;1;0.00;NotApplicable;0;0;1;0.00;11;45565;0.00;8;45565;NotApplicable;2;3470016.97
47;PNU000000017;523405;20;2;EUR;12/07/2019;12/07/2019;NotApplicable;NotApplicable;NotApplicable;0.009000;0;0.009000;2;7000000.00;4;18;9;1;1;37;2;NotApplicable;2;2;NotApplicable;NotApplicable; ;0;0.042650;NotApplicable;0.00;0;NotApplicable;0.00;NotApplicable;7;4615746.71;41461.78;2384253.29;6;1;0.00;NotApplicable;0;0;1;0.00;11;45565;0.00;8;45565;NotApplicable;2;4657208.49
47;PNU000000006;540302;20;2;EUR;03/04/2019;03/04/2019;NotApplicable;NotApplicable;NotApplicable;0.008000;0;0.008000;2;15500000.00;4;18;9;1;1;37;2;NotApplicable;2;2;NotApplicable;NotApplicable; ;0;0.041650;NotApplicable;0.00;0;NotApplicable;0.00;NotApplicable;7;11665268.00;73433.67;4834972.00;6;1;0.00;NotApplicable;0;0;1;0.00;11;45565;0.00;8;45565;NotApplicable;2;11738701.67
47;PNU000000036;542502;20;2;EUR;21/01/2020;21/01/2020;30/11/2024;NotApplicable;NotApplicable;0.007500;0;0.007500;2;5000000.00;4;18;9;1;1;37;2;NotApplicable;2;2;NotApplicable;NotApplicable; ;0;0.041150;NotApplicable;0.00;0;NotApplicable;0.00;NotApplicable;7;0.00;0.00;5000000.00;6;1;0.00;NotApplicable;0;0;1;0.00;11;45565;0.00;8;45565;NotApplicable;2;0.00
47;PNU000000024;557902;20;2;EUR;09/08/2019;09/08/2019;NotApplicable;NotApplicable;NotApplicable;0.010000;0;0.010000;2;400000.00;4;18;9;1;1;37;2;NotApplicable;2;2;NotApplicable;NotApplicable; ;0;0.043650;NotApplicable;0.00;0;NotApplicable;0.00;NotApplicable;7;400000.00;3131.39;0.00;6;1;0.00;NotApplicable;0;0;1;0.00;11;45565;0.00;8;45565;NotApplicable;2;403131.39
47;PNU000000065;567402;20;2;EUR;07/04/2021;07/04/2021;NotApplicable;NotApplicable;NotApplicable;0.010000;0;0.010000;2;3400000.00;4;18;9;1;1;37;2;NotApplicable;2;2;NotApplicable;NotApplicable; ;0;0.043650;NotApplicable;0.00;0;NotApplicable;0.00;NotApplicable;7;6427402.40;50116.83;1972597.60;6;1;0.00;NotApplicable;0;0;1;0.00;11;45565;0.00;8;45565;NotApplicable;2;6477519.23
47;PNU000000011;574902;20;2;EUR;20/06/2019;20/06/2019;NotApplicable;NotApplicable;NotApplicable;0.018000;0;0.018000;2;750000.00;4;18;9;1;1;37;2;NotApplicable;2;2;NotApplicable;NotApplicable; ;0;0.051650;NotApplicable;0.00;0;NotApplicable;0.00;NotApplicable;7;540000.00;5050.36;0.00;6;1;0.00;NotApplicable;0;0;1;0.00;11;45565;0.00;8;45565;NotApplicable;2;545050.36
47;PNU000000080;597202;20;2;EUR;12/01/2022;12/01/2022;NotApplicable;NotApplicable;NotApplicable;0.003000;0;0.003000;2;50000000.00;4;18;9;1;1;37;2;NotApplicable;2;2;NotApplicable;NotApplicable; ;0;0.036650;NotApplicable;0.00;0;NotApplicable;0.00;NotApplicable;7;50000000.00;331052.06;0.00;6;1;0.00;NotApplicable;0;0;1;0.00;11;45565;0.00;8;45565;NotApplicable;2;50331052.06
47;602701;602701;1000;2;EUR;13/05/2020;13/05/2020;01/10/2024;NotApplicable;NotApplicable;NotApplicable;0;NotApplicable;1;0.00;4;4;4;1;1;0;2;NotApplicable;1;2;NotApplicable;NotApplicable; ;0;NotApplicable;NotApplicable;0.00;0;NotApplicable;0.00;NotApplicable;7;1022367.02;0.00;0.00;14;1;0.00;NotApplicable;0;0;1;0.00;11;45565;0.00;8;45565;NotApplicable;2;1022367.02
47;PNU000000078;617704;20;2;EUR;20/12/2021;20/12/2021;NotApplicable;NotApplicable;NotApplicable;0.008000;0;0.008000;2;1000000.00;4;18;9;1;1;37;2;NotApplicable;2;2;NotApplicable;NotApplicable; ;0;0.041650;NotApplicable;0.00;0;NotApplicable;0.00;NotApplicable;7;1499999.57;11202.20;0.43;6;1;0.00;NotApplicable;0;0;1;0.00;11;45565;0.00;8;45565;NotApplicable;2;1511201.77
47;PNU000000095;631004;20;2;USD;14/09/2022;14/09/2022;NotApplicable;NotApplicable;NotApplicable;0.008000;0;0.008000;2;2564628.64;4;18;9;1;1;0;2;NotApplicable;2;2;NotApplicable;NotApplicable; ;0;0.053921;NotApplicable;0.00;0;NotApplicable;0.00;NotApplicable;7;666239.71;6728.51;1833760.29;6;1;0.00;NotApplicable;0;0;1;0.00;11;45565;0.00;8;45565;NotApplicable;2;672968.22
47;PNU000000043;645502;20;2;EUR;03/06/2020;03/06/2020;NotApplicable;NotApplicable;NotApplicable;0.009000;0;0.009000;2;2000000.00;4;18;9;1;1;37;2;NotApplicable;2;2;NotApplicable;NotApplicable; ;0;0.042650;NotApplicable;0.00;0;NotApplicable;0.00;NotApplicable;7;1993116.83;15264.17;6883.17;6;1;0.00;NotApplicable;0;0;1;0.00;11;45565;0.00;8;45565;NotApplicable;2;2008381.00
47;PNU000000124;649202;20;2;EUR;23/04/2024;23/04/2024;NotApplicable;NotApplicable;NotApplicable;0.006000;0;0.006000;2;3000000.00;4;18;9;1;1;37;2;NotApplicable;2;2;NotApplicable;NotApplicable; ;0;0.039650;NotApplicable;0.00;0;NotApplicable;0.00;NotApplicable;7;2616895.38;18656.48;383104.62;6;1;0.00;NotApplicable;0;0;1;0.00;11;45565;0.00;8;45565;NotApplicable;2;2635551.86
47;PNU000000013;658203;20;2;EUR;20/06/2019;20/06/2019;NotApplicable;NotApplicable;NotApplicable;0.018000;0;0.018000;2;750000.00;4;18;9;1;1;37;2;NotApplicable;2;2;NotApplicable;NotApplicable; ;0;0.051650;NotApplicable;0.00;0;NotApplicable;0.00;NotApplicable;7;540000.00;5050.36;0.00;6;1;0.00;NotApplicable;0;0;1;0.00;11;45565;0.00;8;45565;NotApplicable;2;545050.36
47;PNU000000012;658603;20;2;EUR;20/06/2019;20/06/2019;NotApplicable;NotApplicable;NotApplicable;0.018000;0;0.018000;2;750000.00;4;18;9;1;1;37;2;NotApplicable;2;2;NotApplicable;NotApplicable; ;0;0.051650;NotApplicable;0.00;0;NotApplicable;0.00;NotApplicable;7;540000.00;5050.36;0.00;6;1;0.00;NotApplicable;0;0;1;0.00;11;45565;0.00;8;45565;NotApplicable;2;545050.36
47;PNU000000038;658604;20;2;EUR;03/03/2020;03/03/2020;NotApplicable;NotApplicable;NotApplicable;0.010000;0;0.010000;2;800000.00;4;18;9;1;1;37;2;NotApplicable;2;2;NotApplicable;NotApplicable; ;0;0.043650;NotApplicable;0.00;0;NotApplicable;0.00;NotApplicable;7;771403.00;6038.52;28597.00;6;1;0.00;NotApplicable;0;0;1;0.00;11;45565;0.00;8;45565;NotApplicable;2;777441.52
47;PNU000000039;672002;20;2;EUR;10/03/2020;10/03/2020;NotApplicable;NotApplicable;NotApplicable;0.008000;0;0.008000;2;790920.00;4;18;9;1;1;37;2;NotApplicable;2;2;NotApplicable;NotApplicable; ;0;0.041650;NotApplicable;0.00;0;NotApplicable;0.00;NotApplicable;7;527280.00;3948.64;0.00;6;1;0.00;NotApplicable;0;0;1;0.00;11;45565;0.00;8;45565;NotApplicable;2;531228.64
47;PNU000000042;672502;20;2;EUR;22/05/2020;22/05/2020;NotApplicable;NotApplicable;NotApplicable;NotApplicable;0;NotApplicable;1;525000.00;4;18;9;1;1;0;2;NotApplicable;2;2;NotApplicable;NotApplicable; ;0;0.013400;NotApplicable;0.00;0;NotApplicable;0.00;NotApplicable;7;425000.00;967.37;100000.00;6;1;0.00;NotApplicable;0;0;1;0.00;11;45565;0.00;8;45565;NotApplicable;2;425967.37
47;672504;672504;20;2;EUR;07/08/2020;07/08/2020;NotApplicable;NotApplicable;NotApplicable;0.000000;0;0.000000;2;0.00;4;18;9;1;1;55;2;NotApplicable;1;2;NotApplicable;NotApplicable; ;0;0.093260;NotApplicable;0.00;0;NotApplicable;0.00;NotApplicable;7;2343.52;0.00;0.00;6;1;0.00;NotApplicable;0;0;1;0.00;11;45565;0.00;8;45565;NotApplicable;2;2343.52
47;PNU000000059;672902;20;2;EUR;30/12/2020;30/12/2020;NotApplicable;NotApplicable;NotApplicable;0.007500;0;0.007500;2;500000.00;4;18;9;1;1;37;2;NotApplicable;2;2;NotApplicable;NotApplicable; ;0;0.041150;NotApplicable;0.00;0;NotApplicable;0.00;NotApplicable;7;409467.19;3031.40;90532.81;6;1;0.00;NotApplicable;0;0;1;0.00;11;45565;0.00;8;45565;NotApplicable;2;412498.59
47;PNU000000048;675002;20;2;EUR;01/07/2020;01/07/2020;NotApplicable;NotApplicable;NotApplicable;NotApplicable;0;NotApplicable;1;11900000.00;4;18;9;1;1;0;2;NotApplicable;2;2;NotApplicable;NotApplicable; ;0;0.013500;NotApplicable;0.00;0;NotApplicable;0.00;NotApplicable;7;11900000.00;27288.49;0.00;6;1;0.00;NotApplicable;0;0;1;0.00;11;45565;0.00;8;45565;NotApplicable;2;11927288.49
47;PNU000000049;675702;20;2;EUR;01/07/2020;01/07/2020;NotApplicable;NotApplicable;NotApplicable;NotApplicable;0;NotApplicable;1;6900000.00;4;18;9;1;1;0;2;NotApplicable;2;2;NotApplicable;NotApplicable; ;0;0.013500;NotApplicable;0.00;0;NotApplicable;0.00;NotApplicable;7;6900000.00;15822.74;0.00;6;1;0.00;NotApplicable;0;0;1;0.00;11;45565;0.00;8;45565;NotApplicable;2;6915822.74
47;PNU000000050;675802;20;2;EUR;01/07/2020;01/07/2020;NotApplicable;NotApplicable;NotApplicable;NotApplicable;0;NotApplicable;1;1200000.00;4;18;9;1;1;0;2;NotApplicable;2;2;NotApplicable;NotApplicable; ;0;0.013500;NotApplicable;0.00;0;NotApplicable;0.00;NotApplicable;7;1200000.00;2751.78;0.00;6;1;0.00;NotApplicable;0;0;1;0.00;11;45565;0.00;8;45565;NotApplicable;2;1202751.78
47;PNU000000069;702203;20;2;EUR;11/05/2021;11/05/2021;NotApplicable;NotApplicable;NotApplicable;0.009000;0;0.009000;2;500000.00;4;18;9;1;1;37;2;NotApplicable;2;2;NotApplicable;NotApplicable; ;0;0.042650;NotApplicable;0.00;0;NotApplicable;0.00;NotApplicable;7;496557.28;3772.77;3442.72;6;1;0.00;NotApplicable;0;0;1;0.00;11;45565;0.00;8;45565;NotApplicable;2;500330.05
47;PNU000000096;714803;20;2;EUR;14/09/2022;14/09/2022;NotApplicable;NotApplicable;NotApplicable;0.009500;0;0.009500;2;500000.00;4;18;9;1;1;37;2;NotApplicable;2;2;NotApplicable;NotApplicable; ;0;0.043150;NotApplicable;0.00;0;NotApplicable;0.00;NotApplicable;7;352009.69;2725.65;147990.31;6;1;0.00;NotApplicable;0;0;1;0.00;11;45565;0.00;8;45565;NotApplicable;2;354735.34
47;PNU000000088;720803;20;2;EUR;09/06/2022;09/06/2022;NotApplicable;NotApplicable;NotApplicable;0.007000;0;0.007000;2;3000000.00;4;18;9;1;1;37;2;NotApplicable;2;2;NotApplicable;NotApplicable; ;0;0.040650;NotApplicable;0.00;0;NotApplicable;0.00;NotApplicable;7;3000000.00;21955.73;0.00;6;1;0.00;NotApplicable;0;0;1;0.00;11;45565;0.00;8;45565;NotApplicable;2;3021955.73
47;727602;727602;20;2;EUR;21/10/2022;21/10/2022;NotApplicable;NotApplicable;NotApplicable;0.000000;0;0.000000;2;0.00;4;18;9;1;1;55;2;NotApplicable;1;2;NotApplicable;NotApplicable; ;0;0.093260;NotApplicable;0.00;0;NotApplicable;0.00;NotApplicable;7;0.00;0.10;0.00;6;1;0.00;NotApplicable;0;0;1;0.00;11;45565;0.00;8;45565;NotApplicable;2;0.10
47;PNU000000125;730004;20;2;EUR;27/05/2024;27/05/2024;NotApplicable;NotApplicable;NotApplicable;0.008000;0;0.008000;2;6000000.00;4;18;9;1;1;37;2;NotApplicable;2;2;NotApplicable;NotApplicable; ;0;0.041650;NotApplicable;0.00;0;NotApplicable;0.00;NotApplicable;7;5400004.77;40327.30;599995.23;6;1;0.00;NotApplicable;0;0;1;0.00;11;45565;0.00;8;45565;NotApplicable;2;5440332.07
47;730007;730007;20;2;EUR;31/01/2023;31/01/2023;NotApplicable;NotApplicable;NotApplicable;0.000000;0;0.000000;2;0.00;4;18;9;1;1;55;2;NotApplicable;1;2;NotApplicable;NotApplicable; ;0;0.093260;NotApplicable;0.00;0;NotApplicable;0.00;NotApplicable;7;49992.00;0.00;0.00;6;1;0.00;NotApplicable;0;0;1;0.00;11;45565;0.00;8;45565;NotApplicable;2;49992.00
47;PNU000000108;731403;20;2;EUR;10/02/2023;10/02/2023;NotApplicable;NotApplicable;NotApplicable;0.005000;0;0.005000;2;8000000.00;4;18;9;1;1;37;2;NotApplicable;2;2;NotApplicable;NotApplicable; ;0;0.038650;NotApplicable;0.00;0;NotApplicable;0.00;NotApplicable;7;7997337.92;55660.06;2662.08;6;1;0.00;NotApplicable;0;0;1;0.00;11;45565;0.00;8;45565;NotApplicable;2;8052997.98
